{
  "postcss.config.mjs": 1776454773.2599282,
  "drizzle.config.ts": 1776454773.252315,
  "eslint.config.mjs": 1776454773.2529943,
  "next.config.ts": 1776454773.258863,
  "src/middleware.ts": 1776459883.3094604,
  "src/app/layout.tsx": 1776454773.261423,
  "src/app/page.tsx": 1776461015.6113331,
  "src/app/\\(auth\\)/login/page.tsx": 1776463039.1231391,
  "src/app/\\(dashboard\\)/layout.tsx": 1776463915.558208,
  "src/app/\\(dashboard\\)/page.tsx": 1776463462.9895556,
  "src/app/api/auth/[...nextauth]/route.ts": 1776459460.9757767,
  "src/app/login/page.tsx": 1776462745.6854799,
  "src/server/index.ts": 1776459437.3172364,
  "src/components/ui/card.tsx": 1776468400.4147449,
  "src/components/ui/table.tsx": 1776454773.2651782,
  "src/components/ui/button.tsx": 1776454773.2643242,
  "src/components/ui/input.tsx": 1776468401.2761137,
  "src/components/ui/form.tsx": 1776468497.4719512,
  "src/components/tables/data-table.tsx": 1776454773.2622507,
  "src/components/layout/sidebar.tsx": 1776468402.0034504,
  "src/lib/utils.ts": 1776454773.265553,
  "src/lib/db.ts": 1776458905.2931564,
  "src/lib/auth.ts": 1776459461.7092636,
  "drizzle/schema.ts": 1776454773.2526321,
  "README.md": 1776454773.250155,
  "CLAUDE.md": 1776457109.7354221,
  "plan-bun-elysia.md": 1776462764.5789444,
  "docs/PRD.md": 1776454773.2515774,
  "docs/spec.md": 1776454773.2520547,
  "docs/SDD.md": 1776454773.2518225,
  "graphify-out/GRAPH_REPORT.md": 1776469911.3919628,
  "public/file.svg": 1776454773.2600431,
  "public/vercel.svg": 1776454773.260373,
  "public/next.svg": 1776454773.2602043,
  "public/globe.svg": 1776454773.26012,
  "public/window.svg": 1776454773.2605183
}