{
  "postcss.config.mjs": 1776449229.8145354,
  "next-env.d.ts": 1776449229.814206,
  "drizzle.config.ts": 1776450284.9354832,
  "eslint.config.mjs": 1776449229.810847,
  "next.config.ts": 1776449229.8141396,
  "src/app/layout.tsx": 1776450465.8357327,
  "src/app/page.tsx": 1776449229.8325691,
  "src/components/ui/table.tsx": 1776450420.9498634,
  "src/components/ui/button.tsx": 1776450408.5264542,
  "src/components/tables/data-table.tsx": 1776450433.6792314,
  "src/lib/utils.ts": 1776450408.5689454,
  "src/lib/db.ts": 1776450285.151906,
  "drizzle/schema.ts": 1776450115.1288736,
  "README.md": 1776449229.8091223,
  "plan-bun-elysia.md": 1776450608.932159,
  "public/file.svg": 1776449229.8039167,
  "public/vercel.svg": 1776449229.8185482,
  "public/next.svg": 1776449229.8185203,
  "public/globe.svg": 1776449229.8186886,
  "public/window.svg": 1776449229.8185954
}